cell_x,cell_y,cell_type
8.07,82.26,opdnkve
6.43,40.33,ijqtotn
45.97,73.53,psagbkj
72.18,98.0,dococye
85.67,32.25,ipqosuo
56.32,47.86,wdfaguy
1.82,41.06,kknehku
79.77,86.14,dococye
2.52,77.95,wdfaguy
52.89,36.34,hbvlmjx
86.76,18.5,hbvlmjx
25.49,3.5,ijqtotn
48.53,55.58,bhrztmj
90.17,57.24,rirbjyf
81.54,54.88,rirbjyf
99.93,3.48,rirbjyf
44.3,72.83,hbvlmjx
4.45,90.34,cowltvj
74.08,45.38,baknlix
21.12,69.28,lraosxb
74.18,47.74,xeyhctw
17.42,48.3,ipqosuo
99.35,73.6,vuuwfgu
41.78,85.04,caobxct
30.2,16.07,nuarsmo
96.69,6.81,vuuwfgu
43.44,32.42,kknehku
20.05,19.78,ijqtotn
53.55,83.5,rirbjyf
99.09,85.65,rbjsxed
66.57,56.03,tmjwkps
40.54,55.01,tgpofja
54.57,69.51,bhrztmj
58.65,17.5,caobxct
63.26,9.11,idoqfvs
49.46,18.15,cutaaqx
75.57,76.59,cutaaqx
15.99,87.45,ijqtotn
33.54,53.33,tgpofja
44.8,22.74,bzoyyqt
86.43,8.5,eghvkij
99.78,57.99,wdfaguy
55.93,38.56,kknehku
51.29,40.64,tmjwkps
3.36,72.25,otxrdxp
71.37,41.58,baknlix
39.5,76.16,bzoyyqt
40.53,50.2,zgvlvmm
57.08,68.1,ltjrixw
71.31,57.84,xeyhctw
68.83,41.02,bhrztmj
69.77,52.99,eghvkij
96.02,14.29,bzoyyqt
63.02,37.65,vpgfwoq
8.99,96.35,bzoyyqt
96.22,13.03,psagbkj
44.26,23.22,ltjrixw
45.88,19.12,cutaaqx
5.86,9.28,hbvlmjx
11.04,90.52,caobxct
67.14,74.89,opdnkve
76.73,81.4,opdnkve
67.66,78.65,makqruc
55.86,39.2,kknehku
35.07,78.43,rbjsxed
80.34,72.28,ijqtotn
97.12,54.37,ipqosuo
98.95,41.29,rbjsxed
67.53,63.94,zgvlvmm
2.1,26.77,tgpofja
17.13,71.84,vuuwfgu
27.09,37.31,zgvlvmm
95.72,60.78,makqruc
37.11,57.45,cowltvj
8.0,76.77,ltjrixw
67.19,63.41,opdnkve
45.8,98.91,gqgccui
46.03,91.11,nuarsmo
78.46,20.72,cutaaqx
13.44,97.25,caobxct
59.88,65.61,vuuwfgu
72.99,66.13,tgpofja
20.43,21.21,rirbjyf
96.39,74.05,bhrztmj
98.32,97.82,baknlix
16.83,16.24,cowltvj
10.93,77.42,ipqosuo
48.28,12.36,ipqosuo
28.74,27.1,vpgfwoq
55.09,94.29,gqgccui
75.93,60.59,gqgccui
20.76,62.06,wdfaguy
89.85,73.78,tgpofja
37.43,66.31,tgpofja
87.64,86.67,wdfaguy
10.94,18.45,xeyhctw
47.86,91.62,wdfaguy
19.91,43.09,cutaaqx
20.27,34.44,otxrdxp
41.11,97.42,bhrztmj
78.98,23.65,ijqtotn
13.9,53.2,zgvlvmm
64.05,64.45,tmjwkps
37.99,49.71,vpgfwoq
87.29,74.03,lraosxb
56.45,78.14,makqruc
73.03,63.98,ltjrixw
8.35,32.39,tmjwkps
32.82,25.1,vpgfwoq
33.24,25.84,eghvkij
29.11,93.81,hbvlmjx
89.15,40.35,tgpofja
33.34,48.31,rbjsxed
65.93,8.16,kknehku
77.4,4.26,kknehku
46.47,48.2,cowltvj
69.56,17.13,gqgccui
56.24,30.85,lraosxb
55.34,74.15,zgvlvmm
16.88,43.84,opdnkve
90.21,9.84,makqruc
17.75,2.56,wdfaguy
6.25,43.81,cowltvj
72.41,42.87,vuuwfgu
85.39,48.68,cutaaqx
60.66,53.09,gqgccui
3.33,95.67,cutaaqx
52.64,79.07,rbjsxed
58.02,99.76,hbvlmjx
4.64,67.55,bzoyyqt
16.91,32.44,baknlix
80.48,61.33,nuarsmo
79.39,35.1,ipqosuo
41.46,44.03,baknlix
95.07,70.41,tgpofja
63.68,10.46,zgvlvmm
97.11,10.53,ijqtotn
94.67,16.77,gqgccui
19.77,6.85,vuuwfgu
74.4,43.13,rirbjyf
29.75,32.38,makqruc
50.35,50.66,dococye
92.19,19.46,ijqtotn
51.69,39.67,cutaaqx
92.01,69.5,makqruc
0.68,75.71,nuarsmo
82.03,21.93,hbvlmjx
38.81,32.96,wdfaguy
6.26,69.76,kknehku
58.43,11.35,kknehku
50.96,91.37,cowltvj
12.29,78.05,wdfaguy
2.68,76.7,idoqfvs
30.66,40.31,otxrdxp
48.69,73.41,nuarsmo
81.84,15.55,ijqtotn
81.96,45.84,vuuwfgu
73.77,84.8,gqgccui
80.19,82.62,ltjrixw
41.74,91.11,lraosxb
64.83,58.03,makqruc
68.21,87.86,ltjrixw
97.33,0.47,idoqfvs
55.88,73.7,ijqtotn
18.67,0.35,cutaaqx
43.23,61.3,ijqtotn
83.94,67.79,tgpofja
73.54,44.56,caobxct
38.03,81.46,hbvlmjx
62.57,99.16,wdfaguy
14.43,4.22,nuarsmo
53.98,12.64,ipqosuo
71.05,79.83,vpgfwoq
50.13,79.61,gqgccui
0.45,62.09,tmjwkps
38.3,56.27,vuuwfgu
4.13,68.77,opdnkve
39.41,38.71,opdnkve
68.43,59.82,nuarsmo
43.35,85.09,vuuwfgu
32.3,78.87,baknlix
92.48,3.6,rbjsxed
31.48,69.19,dococye
48.92,5.24,tmjwkps
9.91,88.58,bhrztmj
15.01,91.17,lraosxb
27.54,11.89,idoqfvs
61.47,57.56,lraosxb
2.41,1.69,caobxct
71.36,91.71,nuarsmo
10.24,38.47,zgvlvmm
12.56,96.2,gqgccui
75.74,28.57,vuuwfgu
57.1,51.61,baknlix
58.13,64.08,makqruc
73.03,34.08,ijqtotn
3.8,72.52,makqruc
33.64,59.24,xeyhctw
86.27,6.42,cowltvj
8.58,11.45,tgpofja
41.66,96.6,dococye
78.37,50.26,rirbjyf
59.04,63.58,lraosxb
47.46,86.42,baknlix
54.33,8.97,nuarsmo
95.61,77.02,vuuwfgu
14.95,89.2,lraosxb
98.91,5.8,tmjwkps
0.71,26.1,dococye
31.91,5.03,ipqosuo
87.36,86.03,caobxct
30.15,73.5,ipqosuo
86.1,30.99,nuarsmo
10.95,28.71,eghvkij
35.57,61.56,tgpofja
81.37,86.08,xeyhctw
55.97,5.01,lraosxb
65.08,13.99,bhrztmj
97.96,23.89,tmjwkps
21.08,77.11,baknlix
0.15,52.82,cutaaqx
37.06,64.24,dococye
54.5,85.53,idoqfvs
85.86,69.18,nuarsmo
39.63,76.97,hbvlmjx
24.0,29.85,ipqosuo
39.8,99.28,baknlix
82.75,3.81,ltjrixw
7.41,84.73,rbjsxed
75.1,99.42,zgvlvmm
16.56,44.05,nuarsmo
45.54,88.69,gqgccui
65.03,71.46,opdnkve
8.14,87.14,caobxct
18.49,18.4,cutaaqx
88.34,90.26,cowltvj
96.46,17.64,ipqosuo
33.04,93.2,xeyhctw
91.71,11.38,dococye
20.22,30.48,eghvkij
88.6,69.99,cowltvj
22.79,63.37,eghvkij
31.68,98.2,eghvkij
10.72,86.16,wdfaguy
88.03,85.79,ipqosuo
30.72,64.26,gqgccui
19.53,4.86,rirbjyf
90.81,64.55,kknehku
78.26,47.54,dococye
26.48,37.11,caobxct
57.74,5.1,rirbjyf
68.62,52.75,gqgccui
74.84,91.0,rirbjyf
0.49,52.44,rirbjyf
13.53,55.04,cowltvj
10.78,44.19,caobxct
68.61,42.45,caobxct
86.14,28.67,bhrztmj
16.4,59.5,bhrztmj
44.72,64.72,dococye
95.45,14.38,gqgccui
63.71,62.43,xeyhctw
4.78,82.9,cutaaqx
80.12,81.48,psagbkj
5.76,66.29,eghvkij
55.01,52.86,caobxct
46.39,16.31,ipqosuo
82.71,57.69,cowltvj
63.53,44.51,ijqtotn
90.3,9.44,eghvkij
71.19,88.8,idoqfvs
2.46,15.9,otxrdxp
41.63,25.48,ijqtotn
64.05,93.24,caobxct
17.11,58.42,kknehku
84.13,84.5,tmjwkps
17.7,81.22,makqruc
89.19,26.08,opdnkve
77.51,87.74,psagbkj
50.95,7.96,gqgccui
71.03,20.04,bhrztmj
89.84,18.26,cutaaqx
43.46,39.36,ipqosuo
24.53,92.08,caobxct
94.02,99.37,gqgccui
80.83,49.83,zgvlvmm
24.74,54.3,baknlix
42.17,39.21,baknlix
18.47,21.38,vuuwfgu
98.28,71.71,eghvkij
65.66,77.02,bhrztmj
99.9,68.58,gqgccui
84.75,82.82,caobxct
66.71,88.36,bhrztmj
93.52,3.66,opdnkve
73.61,15.79,dococye
50.51,70.34,ijqtotn
51.4,69.17,rbjsxed
69.08,33.51,nuarsmo
61.79,30.05,bzoyyqt
81.58,28.36,zgvlvmm
26.62,27.04,vpgfwoq
23.04,8.3,makqruc
21.41,22.3,kknehku
3.4,29.59,ijqtotn
27.42,71.28,ltjrixw
14.05,0.59,ltjrixw
13.57,37.26,cowltvj
5.37,49.0,cutaaqx
44.72,19.31,eghvkij
8.86,97.32,hbvlmjx
80.74,7.39,ipqosuo
45.23,64.27,ltjrixw
84.57,84.03,baknlix
3.08,67.65,caobxct
43.6,36.03,tmjwkps
10.55,89.37,opdnkve
28.25,7.21,makqruc
5.17,77.67,xeyhctw
74.03,93.2,eghvkij
23.2,72.94,rbjsxed
77.26,83.11,nuarsmo
44.3,3.11,vuuwfgu
34.97,2.83,otxrdxp
89.34,18.76,hbvlmjx
3.8,94.63,hbvlmjx
30.52,35.05,gqgccui
39.79,77.64,hbvlmjx
72.1,96.32,kknehku
0.09,91.24,zgvlvmm
81.28,14.75,ipqosuo
77.85,62.56,zgvlvmm
10.57,14.55,psagbkj
97.95,74.41,eghvkij
43.69,7.6,eghvkij
3.68,94.76,zgvlvmm
90.37,5.29,eghvkij
68.58,30.52,tmjwkps
34.27,73.56,baknlix
17.55,20.88,gqgccui
29.06,89.87,otxrdxp
57.9,62.23,otxrdxp
44.42,73.9,ijqtotn
88.33,8.08,dococye
29.1,44.49,vpgfwoq
5.61,20.6,nuarsmo
20.48,43.97,lraosxb
9.98,13.34,ipqosuo
87.24,95.65,eghvkij
95.08,1.04,tmjwkps
62.69,8.27,eghvkij
80.0,19.4,vpgfwoq
80.63,34.23,hbvlmjx
84.47,61.38,rirbjyf
74.53,88.63,otxrdxp
41.91,80.7,vpgfwoq
61.18,63.17,lraosxb
48.0,61.71,baknlix
49.01,60.43,makqruc
89.3,42.41,gqgccui
13.57,73.5,nuarsmo
82.86,27.92,rirbjyf
53.08,91.77,rirbjyf
3.74,47.44,ipqosuo
3.07,7.8,zgvlvmm
17.52,76.78,ltjrixw
69.02,70.67,bzoyyqt
63.7,75.14,hbvlmjx
63.16,21.08,vpgfwoq
74.32,41.44,cutaaqx
51.75,73.3,makqruc
72.77,80.35,vpgfwoq
79.4,90.64,lraosxb
39.68,30.94,vpgfwoq
99.41,62.16,ijqtotn
15.72,81.63,psagbkj
73.49,2.06,rirbjyf
33.37,24.44,idoqfvs
56.51,25.15,psagbkj
64.7,63.71,ltjrixw
10.52,11.19,tgpofja
99.38,12.85,ijqtotn
5.34,24.98,makqruc
47.94,0.56,caobxct
29.52,70.28,rbjsxed
75.75,73.58,idoqfvs
82.67,13.39,rirbjyf
64.72,41.98,hbvlmjx
29.41,66.79,ipqosuo
82.89,39.12,rirbjyf
0.06,25.01,baknlix
94.0,96.09,eghvkij
52.96,73.75,tgpofja
26.66,8.29,baknlix
96.4,60.46,hbvlmjx
7.64,79.3,vpgfwoq
67.95,88.94,wdfaguy
34.56,27.28,lraosxb
12.6,12.27,baknlix
48.58,49.12,idoqfvs
78.04,10.93,hbvlmjx
78.6,22.3,rbjsxed
52.23,27.79,gqgccui
2.01,16.93,eghvkij
52.74,63.38,zgvlvmm
56.0,63.5,lraosxb
23.85,2.02,eghvkij
67.09,67.37,ijqtotn
37.54,36.51,xeyhctw
62.37,89.52,caobxct
58.17,29.08,rbjsxed
48.25,87.62,bzoyyqt
65.03,62.92,ijqtotn
14.88,44.04,baknlix
78.24,70.26,cowltvj
20.45,47.98,kknehku
21.35,78.21,gqgccui
64.12,91.16,cutaaqx
65.27,91.37,bzoyyqt
83.35,16.35,cutaaqx
55.38,50.99,idoqfvs
52.86,62.14,psagbkj
55.04,88.13,wdfaguy
14.42,34.66,makqruc
44.77,49.32,cutaaqx
14.13,7.45,ijqtotn
17.34,15.65,ltjrixw
89.5,55.76,kknehku
86.57,0.37,lraosxb
27.44,23.39,tgpofja
54.87,59.0,kknehku
12.12,99.8,tgpofja
18.2,94.86,eghvkij
4.87,11.84,caobxct
1.32,71.71,xeyhctw
25.22,13.66,rbjsxed
69.61,8.53,gqgccui
92.14,28.77,baknlix
48.27,39.05,rbjsxed
86.22,61.47,xeyhctw
55.12,67.43,rbjsxed
67.71,11.37,ipqosuo
28.98,55.0,hbvlmjx
92.07,64.76,vuuwfgu
99.58,8.66,makqruc
80.31,69.37,baknlix
61.9,32.71,xeyhctw
84.31,91.32,vuuwfgu
35.86,22.84,vpgfwoq
82.03,19.96,tgpofja
83.67,57.95,ltjrixw
40.2,5.13,zgvlvmm
91.98,82.25,bzoyyqt
22.3,48.6,lraosxb
58.8,1.25,opdnkve
57.39,54.6,idoqfvs
47.63,81.02,makqruc
83.85,69.44,tmjwkps
23.82,88.79,rbjsxed
90.1,62.46,cowltvj
72.6,49.77,vuuwfgu
11.85,28.44,hbvlmjx
84.04,4.83,rirbjyf
21.63,49.04,vpgfwoq
29.77,63.79,cowltvj
62.34,13.33,idoqfvs
84.1,69.25,rbjsxed
96.25,15.37,cutaaqx
46.43,26.66,ijqtotn
79.24,33.03,zgvlvmm
99.18,59.6,lraosxb
33.55,44.43,bhrztmj
38.22,21.96,wdfaguy
64.86,18.22,caobxct
64.84,84.17,zgvlvmm
31.2,10.89,dococye
91.27,52.97,otxrdxp
67.19,4.85,cowltvj
26.73,53.13,bzoyyqt
55.72,69.11,psagbkj
57.29,15.4,zgvlvmm
35.68,83.87,dococye
72.52,26.17,psagbkj
83.5,83.16,bzoyyqt
82.72,25.35,gqgccui
41.48,86.79,tgpofja
43.46,10.35,bhrztmj
38.99,95.33,vuuwfgu
65.18,6.13,idoqfvs
59.96,0.05,ipqosuo
47.17,75.43,wdfaguy
87.18,9.73,xeyhctw
67.66,86.61,vpgfwoq
42.06,91.15,opdnkve
98.27,86.49,lraosxb
8.46,63.96,nuarsmo
59.62,87.36,lraosxb
35.68,70.5,rbjsxed
38.19,40.38,ltjrixw
4.94,90.0,psagbkj
54.02,46.42,kknehku
76.17,84.23,ipqosuo
19.88,51.89,baknlix
80.6,26.13,eghvkij
61.13,79.74,rbjsxed
80.43,23.46,tgpofja
47.29,76.23,otxrdxp
26.16,86.46,cutaaqx
71.92,87.04,cutaaqx
16.94,81.73,idoqfvs
97.7,18.75,opdnkve
85.6,15.59,nuarsmo
62.66,93.2,cutaaqx
19.94,94.89,cutaaqx
86.26,56.55,wdfaguy
61.65,26.35,otxrdxp
94.5,75.63,bzoyyqt
20.53,83.49,rbjsxed
57.91,16.35,eghvkij
42.18,20.13,ijqtotn
60.36,68.6,ipqosuo
22.0,80.85,psagbkj
18.08,62.96,baknlix
80.28,85.37,gqgccui
91.38,14.89,eghvkij
17.44,33.93,tmjwkps
15.13,25.64,lraosxb
46.9,44.89,gqgccui
71.21,60.01,dococye
1.68,4.24,kknehku
59.15,59.3,cutaaqx
51.93,38.13,ipqosuo
34.67,29.31,gqgccui
63.94,38.21,wdfaguy
19.93,89.75,vpgfwoq
82.86,90.73,opdnkve
45.87,63.78,zgvlvmm
73.07,80.23,xeyhctw
42.99,46.67,gqgccui
42.35,97.83,lraosxb
83.67,60.79,cowltvj
30.41,36.23,opdnkve
24.98,77.31,cowltvj
84.85,71.95,otxrdxp
78.49,19.89,cutaaqx
82.69,41.68,eghvkij
15.14,24.48,baknlix
14.81,33.41,wdfaguy
85.16,14.35,caobxct
46.21,87.17,dococye
94.85,67.77,bzoyyqt
11.12,1.91,tgpofja
3.15,95.8,rirbjyf
76.8,38.94,makqruc
93.76,95.07,psagbkj
96.75,44.57,xeyhctw
17.74,9.97,bhrztmj
0.11,53.84,idoqfvs
77.22,43.22,cowltvj
66.34,71.87,tgpofja
6.03,69.92,bzoyyqt
32.41,73.91,nuarsmo
17.93,98.64,ltjrixw
18.2,73.07,xeyhctw
88.94,14.36,wdfaguy
12.99,4.09,eghvkij
20.14,80.1,psagbkj
91.65,59.32,ijqtotn
16.17,7.09,ipqosuo
36.67,61.31,ijqtotn
97.33,6.79,xeyhctw
91.41,82.06,nuarsmo
75.9,86.95,eghvkij
45.25,60.75,makqruc
59.5,44.52,idoqfvs
9.38,79.04,bzoyyqt
85.83,60.7,nuarsmo
35.75,48.45,eghvkij
23.56,15.57,wdfaguy
79.56,2.01,tmjwkps
74.99,25.57,otxrdxp
36.23,18.91,cowltvj
77.82,39.68,hbvlmjx
59.93,38.09,otxrdxp
50.73,69.19,idoqfvs
42.68,84.44,cutaaqx
29.46,38.01,hbvlmjx
24.96,54.8,rbjsxed
20.55,73.33,cutaaqx
79.33,76.06,rbjsxed
36.28,80.5,tmjwkps
4.17,11.47,baknlix
37.98,81.48,cowltvj
41.34,83.88,ipqosuo
44.61,14.33,bhrztmj
24.58,14.11,bzoyyqt
64.55,82.48,vuuwfgu
56.28,99.93,psagbkj
58.95,88.18,eghvkij
40.13,66.07,lraosxb
12.87,25.38,idoqfvs
65.31,43.43,vuuwfgu
53.38,87.04,dococye
24.22,40.43,lraosxb
97.81,52.8,opdnkve
28.96,96.98,nuarsmo
82.71,13.13,xeyhctw
35.9,28.01,caobxct
52.23,74.43,ltjrixw
0.76,59.77,dococye
9.72,22.67,baknlix
41.8,58.97,bzoyyqt
19.23,41.43,tgpofja
84.4,61.18,rbjsxed
40.62,63.34,opdnkve
30.39,71.69,bhrztmj
99.39,62.52,tmjwkps
79.0,56.09,wdfaguy
96.32,39.02,cutaaqx
73.85,16.98,rbjsxed
4.88,71.0,vuuwfgu
96.92,0.66,cowltvj
87.82,99.57,kknehku
87.84,0.16,otxrdxp
27.57,69.91,otxrdxp
70.52,95.34,rbjsxed
68.6,57.79,cowltvj
11.23,10.66,ipqosuo
47.64,13.71,idoqfvs
38.57,22.92,ijqtotn
1.14,0.99,tgpofja
55.16,65.27,hbvlmjx
8.17,88.24,gqgccui
42.87,50.08,kknehku
88.67,65.49,cowltvj
74.18,61.07,lraosxb
88.02,30.77,zgvlvmm
84.64,44.72,ipqosuo
32.46,9.92,makqruc
26.95,61.97,eghvkij
9.99,61.28,otxrdxp
8.54,29.58,tgpofja
96.22,66.0,makqruc
38.82,10.61,rbjsxed
52.14,28.13,vuuwfgu
95.06,42.49,caobxct
7.73,12.93,baknlix
13.27,50.93,bzoyyqt
59.78,4.07,bzoyyqt
26.93,84.01,ltjrixw
38.33,72.15,eghvkij
34.81,13.85,eghvkij
13.17,45.89,makqruc
10.6,48.8,rirbjyf
18.96,75.45,rbjsxed
39.0,92.06,baknlix
94.64,84.73,ipqosuo
4.69,37.08,kknehku
63.95,95.29,ltjrixw
72.71,41.92,zgvlvmm
17.47,95.79,gqgccui
36.93,48.31,eghvkij
40.38,32.17,otxrdxp
71.62,47.66,zgvlvmm
97.06,83.49,otxrdxp
82.23,77.49,hbvlmjx
32.69,46.54,nuarsmo
80.13,6.79,eghvkij
32.08,99.89,otxrdxp
22.41,67.57,xeyhctw
39.89,45.58,rbjsxed
86.58,55.63,kknehku
71.9,87.76,kknehku
1.13,47.25,cutaaqx
82.34,10.26,wdfaguy
10.72,56.72,zgvlvmm
75.1,72.76,vuuwfgu
17.1,59.17,vpgfwoq
45.12,59.43,rirbjyf
15.46,42.6,zgvlvmm
62.57,19.68,hbvlmjx
76.25,3.85,vpgfwoq
59.72,96.78,hbvlmjx
72.45,97.07,zgvlvmm
94.55,47.42,kknehku
79.52,32.75,ijqtotn
16.82,13.62,tmjwkps
4.2,59.08,xeyhctw
79.14,43.8,kknehku
36.79,20.95,lraosxb
83.08,7.16,nuarsmo
64.87,43.66,baknlix
97.8,69.89,wdfaguy
64.91,1.59,cutaaqx
50.36,88.71,vpgfwoq
73.97,54.83,ijqtotn
75.01,23.94,rirbjyf
31.15,21.29,rirbjyf
56.08,52.67,eghvkij
99.49,34.59,kknehku
24.78,38.66,cowltvj
60.28,41.49,cowltvj
94.92,18.18,rirbjyf
69.67,69.45,xeyhctw
25.87,99.35,tgpofja
21.11,82.98,ipqosuo
29.76,99.51,baknlix
46.47,84.99,gqgccui
8.77,89.83,bzoyyqt
50.46,28.29,caobxct
74.44,5.58,bzoyyqt
20.61,16.76,rbjsxed
54.17,96.75,bzoyyqt
83.39,55.95,bzoyyqt
15.95,19.06,rbjsxed
15.64,84.16,kknehku
16.02,60.51,ipqosuo
92.71,12.02,psagbkj
57.71,49.73,baknlix
57.37,34.37,ijqtotn
0.16,36.15,tmjwkps
17.1,92.67,gqgccui
83.69,38.55,vpgfwoq
94.24,81.35,rirbjyf
32.64,75.68,dococye
64.31,79.95,gqgccui
11.43,78.33,tgpofja
62.12,52.24,dococye
85.94,95.53,vpgfwoq
27.33,68.38,hbvlmjx
32.56,63.24,hbvlmjx
85.59,62.33,ipqosuo
19.67,79.85,eghvkij
90.82,64.14,wdfaguy
3.01,58.32,wdfaguy
50.8,99.09,bzoyyqt
27.08,80.54,bhrztmj
2.52,77.96,eghvkij
48.25,35.27,tmjwkps
32.9,42.4,baknlix
66.49,11.73,zgvlvmm
92.73,65.73,kknehku
47.5,30.17,baknlix
14.48,94.68,eghvkij
83.75,29.45,caobxct
10.64,85.53,ijqtotn
9.17,7.34,caobxct
44.43,74.04,psagbkj
9.24,71.87,tgpofja
17.51,35.46,vpgfwoq
79.47,90.25,eghvkij
87.06,62.59,ipqosuo
69.81,82.39,idoqfvs
40.4,11.49,opdnkve
59.47,72.95,psagbkj
4.42,40.74,baknlix
43.04,59.33,xeyhctw
6.61,70.62,xeyhctw
51.33,17.89,cowltvj
65.43,20.57,ipqosuo
44.16,78.15,rbjsxed
32.24,54.43,wdfaguy
62.48,88.5,tmjwkps
6.17,12.51,eghvkij
62.31,89.55,cowltvj
47.85,36.1,xeyhctw
44.46,41.62,dococye
30.07,24.62,gqgccui
43.51,51.53,xeyhctw
49.35,39.87,idoqfvs
69.34,78.24,ltjrixw
57.6,4.36,zgvlvmm
51.8,55.86,ijqtotn
32.45,50.23,otxrdxp
26.33,90.43,gqgccui
3.48,51.05,lraosxb
69.99,30.8,bzoyyqt
70.32,33.35,makqruc
8.84,46.27,xeyhctw
53.89,94.04,rbjsxed
92.13,21.32,tgpofja
5.26,50.83,gqgccui
62.66,87.1,lraosxb
55.96,41.29,wdfaguy
16.86,62.65,caobxct
27.31,67.58,makqruc
27.12,16.57,bhrztmj
83.49,98.85,bhrztmj
94.57,29.53,ijqtotn
13.46,39.82,cutaaqx
80.04,44.73,idoqfvs
51.01,7.99,gqgccui
7.16,26.47,vpgfwoq
99.37,45.83,otxrdxp
38.04,9.75,opdnkve
61.41,35.44,wdfaguy
92.8,76.21,kknehku
25.14,73.59,rbjsxed
90.13,83.75,rbjsxed
56.76,3.2,baknlix
62.46,16.01,idoqfvs
19.38,29.7,vuuwfgu
21.25,33.65,tmjwkps
55.09,2.91,rbjsxed
30.42,75.17,hbvlmjx
63.69,15.34,kknehku
10.06,62.2,vpgfwoq
92.17,18.47,otxrdxp
48.92,5.85,rbjsxed
63.09,97.67,dococye
62.77,26.56,bzoyyqt
66.61,2.03,eghvkij
20.71,43.22,vpgfwoq
5.04,12.44,idoqfvs
41.79,14.17,nuarsmo
25.21,36.51,gqgccui
48.55,67.48,makqruc
42.39,43.03,hbvlmjx
74.09,93.14,nuarsmo
37.87,27.19,vpgfwoq
35.96,62.83,gqgccui
66.99,90.24,dococye
3.98,15.93,rbjsxed
15.08,76.13,nuarsmo
82.38,67.95,opdnkve
21.72,4.49,makqruc
30.48,71.69,baknlix
73.85,92.65,otxrdxp
50.15,56.25,eghvkij
80.95,69.94,cutaaqx
99.19,8.28,nuarsmo
58.61,49.7,eghvkij
61.44,9.83,psagbkj
56.3,35.68,vpgfwoq
10.51,19.48,xeyhctw
35.33,5.93,kknehku
79.71,66.86,dococye
66.36,58.13,caobxct
74.45,71.7,dococye
51.05,1.69,tmjwkps
45.17,89.27,nuarsmo
44.32,63.44,idoqfvs
30.2,77.06,gqgccui
48.04,29.61,wdfaguy
85.73,68.01,vuuwfgu
64.77,10.63,tmjwkps
82.03,21.5,ijqtotn
81.95,67.25,vuuwfgu
96.9,84.01,lraosxb
76.88,36.96,gqgccui
79.72,13.21,ipqosuo
14.06,19.99,tgpofja
50.94,56.95,vuuwfgu
76.11,1.1,idoqfvs
46.47,96.19,dococye
89.61,9.21,vuuwfgu
2.27,67.54,eghvkij
56.84,45.93,zgvlvmm
66.46,27.63,cowltvj
34.79,37.25,otxrdxp
25.33,70.74,bhrztmj
7.99,59.11,rirbjyf
32.93,36.84,dococye
20.56,10.7,rirbjyf
94.75,44.17,psagbkj
79.85,85.67,wdfaguy
37.94,79.26,psagbkj
35.37,59.56,bzoyyqt
19.28,76.27,tmjwkps
67.08,0.44,bhrztmj
21.89,31.76,gqgccui
34.31,47.67,nuarsmo
42.86,60.74,caobxct
80.88,0.91,rirbjyf
60.59,66.46,bzoyyqt
51.41,51.05,lraosxb
68.75,24.36,tgpofja
61.27,83.13,baknlix
26.12,7.39,cowltvj
16.44,22.33,zgvlvmm
65.99,62.38,rbjsxed
44.52,26.7,ijqtotn
14.09,49.73,tgpofja
20.09,29.57,gqgccui
2.32,69.32,makqruc
94.81,28.52,tgpofja
22.25,5.93,otxrdxp
10.96,78.35,vpgfwoq
17.31,17.75,rbjsxed
3.89,50.14,caobxct
7.26,86.09,dococye
18.62,12.32,tmjwkps
58.43,92.4,cutaaqx
40.82,36.02,nuarsmo
27.48,33.89,tmjwkps
52.34,84.28,ltjrixw
64.35,38.18,gqgccui
60.38,96.9,makqruc
30.41,37.99,cowltvj
6.59,89.53,rirbjyf
8.64,76.02,dococye
62.5,81.31,idoqfvs
0.12,76.73,tmjwkps
36.66,75.94,vpgfwoq
63.79,11.1,eghvkij
23.86,13.68,opdnkve
64.3,68.48,ltjrixw
44.35,34.15,ipqosuo
37.31,14.32,xeyhctw
47.19,8.28,kknehku
54.86,4.4,rbjsxed
98.66,91.28,eghvkij
67.75,41.62,xeyhctw
46.91,70.71,tmjwkps
17.67,72.24,caobxct
87.59,63.9,rbjsxed
47.96,41.11,makqruc
1.42,90.44,caobxct
94.78,32.51,xeyhctw
2.53,43.3,eghvkij
86.11,59.32,eghvkij
99.02,69.44,eghvkij
44.71,8.12,cowltvj
0.12,64.11,tmjwkps
90.57,67.76,psagbkj
95.86,76.99,caobxct
33.71,3.57,ipqosuo
76.35,7.93,tgpofja
48.54,48.12,vpgfwoq
34.44,31.79,vuuwfgu
35.59,98.13,ltjrixw
98.08,80.16,gqgccui
79.52,11.05,ijqtotn
0.58,87.05,cowltvj
60.84,34.86,vuuwfgu
80.09,36.31,eghvkij
14.39,88.86,eghvkij
62.38,41.11,eghvkij
19.58,8.41,ipqosuo
56.22,65.52,otxrdxp
59.28,25.22,lraosxb
3.44,97.58,tmjwkps
19.18,71.33,ijqtotn
43.4,5.19,kknehku
2.82,73.73,xeyhctw
80.38,22.6,otxrdxp
15.79,37.03,idoqfvs
74.09,21.33,bzoyyqt
27.58,31.83,vuuwfgu
7.34,8.2,gqgccui
94.96,93.82,tmjwkps
15.71,2.25,zgvlvmm
92.01,75.6,idoqfvs
41.78,82.51,eghvkij
0.49,6.28,baknlix
25.69,2.41,dococye
19.29,90.8,idoqfvs
39.56,66.16,dococye
49.67,74.56,zgvlvmm
58.4,54.12,makqruc
92.49,86.94,bhrztmj
98.21,32.16,cutaaqx
52.36,2.5,ijqtotn
10.1,86.27,wdfaguy
76.65,77.62,tmjwkps
63.89,74.21,ltjrixw
22.16,34.54,cowltvj
70.08,41.33,caobxct
75.54,70.78,psagbkj
0.54,65.19,dococye
48.91,77.27,kknehku
76.88,31.51,zgvlvmm
4.71,48.9,kknehku
26.96,82.66,rbjsxed
89.51,18.19,opdnkve
33.31,2.37,ijqtotn
26.4,93.84,vpgfwoq
73.33,36.16,otxrdxp
50.93,72.24,ltjrixw
70.36,34.57,lraosxb
11.46,61.44,otxrdxp
17.01,28.91,tmjwkps
33.02,83.1,otxrdxp
47.86,91.87,tmjwkps
70.21,84.39,idoqfvs
47.16,34.04,gqgccui
5.48,14.75,rbjsxed
52.79,42.45,nuarsmo
65.37,1.34,tgpofja
80.89,90.96,bhrztmj
55.48,64.18,bhrztmj
49.36,14.14,idoqfvs
37.91,80.3,eghvkij
97.33,55.37,xeyhctw
76.98,51.44,gqgccui
3.76,42.26,cowltvj
54.83,83.87,cutaaqx
26.61,39.13,zgvlvmm
92.27,46.64,cowltvj
0.63,92.04,psagbkj
